Month,Irrigation
1,35
2,25.45454545
3,22.27272727
4,17.5
5,11.13636364
6,9.545454545
7,9.545454545
8,12.72727273
9,22.27272727
10,28.63636364
11,33.40909091
12,35
